City;Title;Description;Type;Comments;lat;lng
Tokio;Nakano Broadway;Kimonos a peso;Compras;Entre Shinjuku y Koenji. Barrio tradicional con un centro comercial de 3 plantas dedicado a la cultura pop;35.7092475;139.6656524
Osaka;Yakiniku Kitan Hozenji;Desayunos Wagyu;Comida;Reservas https://tabelog.com/osaka/A2701/A270202/27128100/party/;34.6682611;135.5024138
Tokio;Watt man;Tienda de segunda mano;Compras;1h30m des del Palacio Imperial. Hay que pillar tren + bus;35.2800412;139.6695443
Ōishida;Ginzan Onsen;Onsen;Alojamiento;A 5h de Tokio;38.5687742;140.5311386
Tokio;Asakusa Sarashinatenko;Soba barato;Comida;En Asakusa, a 1 min del templo Senso-ji;35.7149973;139.7949918
Osaka;Sushitosake 【kinga】Shinsekai | KINGA osaka sushi;Izakaya;Ocio;Sitio para beber;34.6493193;135.5059799
Tokio;Benitsuru;Pancakes;Comida;Pancakes de gordos;35.7119914;139.7918882
Gunma;Takaragawa Onsen;Onsen tattoo-firendly;Alojamiento;;36.8477676;139.0478199
Tokio;Warhammer Store and Café - Tokyo;Warhammer;Compras;En Akihabara;35.699671;139.7700814
Kioto;Kinkaku-ji;Pabellón dorado;Templos;9:00 - 17:00. 500 yenes;35.03937;135.7292431
Tokio;Hibiya Godzilla Square;Estatua Godzilla;Visitas;;35.6736606;139.7603621
Fukusaki;Fukusaki;Ciudad Yokais;Visitas;En toda la ciudad hay estatuas de Yokais. Ta guapo;34.9687982;134.7501443
Kioto;Kodaiji Temple;Templo Kodai;Templos;;35.0007687;135.7812718
Kioto;Arashiyama Bamboo Forest;Bosque de bambú;Visitas;;35.0168187;135.6713013
Kioto;Kiyomizu-dera;;Templos;400 yenes. 6:00 - 18:00;34.9946662;135.784661
Tokio;Tokyo Sky Tree;Vistas de todo Tokio;Visitas;Por lo que leo últimamente está a reventar. Mejor reservar si queremos subir.;35.7100627;139.8107004
Tokio;Kamakura;;Visitas;Escapada a 1h de Tokio;35.3394416;139.5083481
Tokio;Yokohama;;Visitas;Escapada a 1h de Tokio;35.4527248;139.5950611
Tokio;Kawagoe;;Visitas;Escapada a 1h de Tokio;35.8999437;139.4678663
Tokio;Mount Takao;;Visitas;Escapada a 1h de Tokio;35.6254121;139.2437385
Kioto;Kamigamo Shrine;Pagoda de 5 pisos;Templos;;35.0603776;135.7527293
Osaka;Atago Jinja;;Templos;;35.6647441;139.7484681
Osaka;Osaka Castle;Castillo de Osaka;Visitas;;34.6872571;135.5258546
Osaka;Nipponbashi Denden Town;;Compras;Calle comercial de videojuegos y tecnologia retro;34.6615233;135.5053635
Osaka;Isshinji Temple;;Templos;;34.6528733;135.5109152
Osaka;Shinsekai Market;Mercado tradi;Visitas;Cerca de calle de tiendas y el templo isshinji;34.6536555;135.5056051
Osaka;Shitennoji Ishinotorii (Stone Torii Gate);Tori de piedra;Templos;Templo con un tori de piedra de los mas antiguos de osaka. Los domingos hacen mercadillo. Ir pronto;34.653691;135.5145439
Tokio;Habikoro Toys Radio Kaikan Store;Gachapones sueltos;Compras;En Akihabara;35.6979557;139.7719181
Tokio;Mag's Park Rooftop Shibuya Crossing;;Spots;Spot para ver el cruce de shibuya;35.6596547;139.7008219
Tokio;Hachiko Statue;Estatua de hachiko;Visitas;En shibuya;35.6590579;139.7006293
Osaka;Okunoin Temple Nokotsu-do Columbarium;;Templos;A 1:30h de Osaka;34.2231988;135.6053407
Okayama;Saidouji Temple;;Templos;A las afueras de Okayama, entre Hiroshima y Osaka/Kioto;34.891462;133.5335301
Fukui;Echizen Daibutsu;;Templos;A las afuera de Fukui, muy al norte de Nagoya;36.0536494;136.5192126
Osaka;Katsuō-ji Entrance;;Templos;;34.8645023;135.4933813
Miyazaki;Ōmi Shrine;;Templos;En Calvia;32.4110516;131.6493415
Yamaguchi;Main Gate of Tōkōji Temple;;Templos;Al Oeste de Hiroshima;34.4137241;131.423966
Ibaraki;Hoshiimo Shrine;;Templos;;36.3830606;140.6142075
Tokio;Gōtokuji Temple;;Templos;;35.6488124;139.647481
Osaka;Namba Yasaka Shrine;;Templos;;34.6615592;135.4967039
Tokio;Ikura Shibuya;Omu rice y hambug steak;Comida;Al mediodia es restaurante, por la noche es izakaya;35.6569375;139.6956165
Tokio;Udon Yamacho;Udon en shibuya;Comida;Al mediodia es restaurante, por la noche es izakaya;35.6482915;139.7111154
Kioto;Tenjuan Temple;;Templos;;35.0106694;135.7922833
Osaka;Minoh Falls;;Spots;;34.8538281;135.4719911
Osaka;Dotonbori;;Visitas;;34.6687234;135.5012971
Osaka;Sumiyoshi Taisha;;Templos;Santuario mas antiguo de japón;34.6123945;135.4937612
Aomori;Takayama Inari Shrine;;Templos;;40.9373361;140.3129821
Kioto;Fushimi Inari Taisha;;Templos;Templo de los mil toris;34.9678042;135.7789538
Osaka;Shubodai;;Spots;Tori del cielo;34.8317905;135.4246557
Osaka;Nipponbashi Denden Town;;Compras;Videojuegos y tecnología retro;34.6604299;135.5058817
Kioto;Ginkaku-ji Temple;;Templos;;35.0270213;135.7982058
Kioto;Nishi Hongan-ji;;Templos;;34.9915483;135.7080523
Kioto;To-ji Temple;;Templos;;34.9803395;135.7476935
Kioto;Sanjūsangen-dō;;Templos;Templo de los mil budas;34.9878845;135.7717126
Kioto;Kamigamo Shrine;;Templos;;35.0603776;135.7527293
Kioto;Nijō Castle;;Visitas;8:45 - 16:00. 800 a 1200 yenes;35.0140379;135.7484258
Kioto;Kyoto Tower Observation Deck;;Visitas;;34.9875205;135.7592518
Magome;Tsumago Post Office;;Rutas;Ruta Nakasendo. Mejor de Magome a Tsumago, 3h;35.5283557;137.5539844
Kioto;Toei Kyoto Studio Park;;Ocio;Parque temático de cine período EDO;35.0164521;135.7080227
Hiroshima;Hiroshima;;Visitas;;34.455938;132.4373031
Miyajima;Miyajima Ferry Terminal;;Visitas;;34.2719291;132.2639048
Shirakawa-go;Shirakawa-go;;Visitas;Aldea histórica;36.2577967;136.9061975
Okayama;Okayama;;Visitas;Aldea histórica;34.6995336;133.9337302
Gifu;Takayama Jin’ya;;Templos;;36.1396312;137.2576045
Kobe;Kobe;;Visitas;;34.7575317;135.1070715
Nikko;Nikko;;Visitas;;36.8464464;139.5902316
Himeji;Himeji Castle;;Visitas;;34.839449;134.6939047
Tokio;Rikugien Gardens;;Visitas;;35.7331005;139.7457335
Tokio;Oedo Antique Market;;Compras;Mercadillo tradicional;35.6773272;139.7645021
Tokio;TRAINIART TOKYO - Gransta Tokyo Station;;Compras;Souvenirs gachapon de trenes. Detrás de la JR Gate;35.6816041;139.7654364
Kawaguchi;Tenku no torii;;Spots;Torii con Monte Fuji detrás;35.5347129;138.7777561
Fukuoka;小文字山;;Spots;Monte Komonji;33.8732811;130.9078546
Arakurayama;Arakurayama Sengen Park Observation Deck;;Spots;Cima del Akurayama (1h caminando). Vistas al Mt Fuji;35.501366;138.801551
Fujikawaguchiko;Kawaguchiko Station;;Spots;Estación con Mt. Fuji detrás;35.4986612;138.7663507
Kioto;Fushimi-Momoyama-jō Castle;;Visitas;Castillo con pocos turistas;34.9394686;135.7769255
Tokio;Oi Racecourse;;Compras;Flea Market Sabados 9:00-14:00. Solo CASH;35.5875323;139.6369453
Kibune River;Hirobun;;Comida;Restaurante de Nagashi Somen (fideos que se delizan sobre bambú);35.1268314;135.763551
Kibune River;Kifune Shrine;;Visitas;Castillo con pocos turistas;35.1220909;135.7629101
Tokio;Sofmap Akihabara Headquarters;;Compras;Tienda outlet tecnología;35.6993327;139.7691199
Tokio;book off シンジュクエキニシグチテン;;Compras;Book off Shinjuku. Tiendas de segunda mano;35.6895683;139.698385
Osaka;book off オオサカシンサイバシミセ;;Compras;Book off Osaka. Tiendas de segunda mano;34.6764924;135.5015768
Tokio;BOOKOFF PLUS Ueno Hirokoji Store;;Compras;Book off Ueno. Tiendas de segunda mano;35.7082659;139.7734783
Tokio;BOOKOFF Akihabara Ekimae Store;;Compras;Book off Akihabara. Tiendas de segunda mano;35.6977342;139.7734748
Tokio;unu glänta shimokitazawa;;Compras;Joyas con grabados personalizados. LBGTI frienly;35.6609984;139.6664552
Tokio;GU - 银座;;Compras;Ropa UNIQLO más barata;35.670881;139.7642627
Ashinomaki Onsen Ookawaso;Ashinomaki Onsen Ookawaso;;Alojamiento;Onsen Muzan Kimetsu no yaiba;37.3668585;139.913719
Nagano;Lake Suwa;;Spots;Lago de Your Name;36.0478969;138.0827704
Tokio;Yanaka Ginza;;Compras;Mercadillo tradicional;35.7276934;139.7657232
Tokio;無印良品 上野マルイ;;Compras;Mujirushi store Ueno. Tienda de ropa estilo japonés;35.7107436;139.7758565
Tokio;無印良品 東京ミッドタウン;;Compras;Mujirushi store Roppongi. Tienda de ropa estilo japonés;35.6653959;139.7269688
Tokio;無印良品 新宿靖国通り;;Compras;Mujirushi store Shinjuku. Tienda de ropa estilo japonés;35.6926117;139.7034019
Tokio;MUJI - Ginza Flagship Store;;Compras;Mujirushi store Ginza. Tienda de ropa estilo japonés;35.673214;139.7653677
Tokio;MUJI - Tokyo Dome LaQua Store;;Compras;Mujirushi store Akihabara. Tienda de ropa estilo japonés;35.7071164;139.7535411
Tokio;BicCamera AKIBA Store;;Compras;Tienda de tecnología;35.7075434;139.751073
Gifu;Yakibuta Ramen Sanjou;;Comida;Restaurante old school de Ramen de cerdo;35.3490764;136.6937065
Osaka;OSAKA Kiichi-seiniku/yakiniku;;Comida;BBQ Japonesa wagyu;34.7440409;135.6012592
Osaka;MY NEIGHBOR;;Comida;Sandwiches wagyu;34.6833606;135.4888506
Tokio;Santuario Suga;;Spots;Escaleras Your Name;35.6853586;139.7224904
Tokio;ATOM SHIBUYA;;Ocio;Night Club (que no midnight club);35.6583059;139.6954048
Tokio;warp shinjuku;;Ocio;Night Club (que no midnight club);35.6952253;139.701307
Tokio;TK NIGHTCLUB;;Ocio;Night Club (que no midnight club);35.6609411;139.6985674
Kioto;Adashino Nenbutsu-ji Temple;;Visitas;Bosque de bambú, como en Arashiyama pero menos turístico;35.0269658;135.6655837
Kobe;うどん屋 浦商;;Comida;Restaurante de un hombre mayor;34.7629991;135.1208221
Tokio;Thrift Mall Minami Machida;;Compras;Mercadillo estilo camello;35.5143136;139.4742489
Osaka;Ramen Chonmage Osaka Tenroku;;Comida;Restaurante Ramen;34.7090709;135.5125765
Kioto;Hiyoshi Taisha Shrine Seven Willow Torii Gates;;Templos;;35.057648;135.8711389
Tokio;元祖油堂 歌舞伎町店;;Comida;Restaurante ramen barato en Shinjuku;35.6942932;139.7033726
Tokio;Kappabashi Kitchen Street;;Compras;Calle comercial de utensilios de cocina;35.7105797;139.785546
Hiroshima;Shukkeien Garden;;Spots;Parque en Hiroshima;34.4004834;132.4677207
Hiroshima;Hiroshima Castle;;Visitas;Castillo de las ruinas de Hiroshima;34.4027456;132.4591055
Hiroshima;Okonomimura;;Comida;;34.3908411;132.4633949
Osaka;Tori Soba ZAGIN Main Shop;;Comida;Mejor ramen de Osaka según los locales;34.6896133;135.4950563
Osaka;Kani Doraku Dotombori Honten;;Comida;Street food;34.6687993;135.5014873
Osaka;Takoyaki Kukuru Dotonbori;;Comida;Street food;34.6687946;135.5009642
Tokio;Pokémon Center Tokyo DX;;Compras;Centros pokémon hazte con todos;35.6802902;139.7742695
Tokio;Pokemon Center Mega Tokyo;;Compras;Centros pokémon hazte con todos;35.7289056;139.7193245
Tokio;Pokemon Center Shibuya;;Compras;Centros pokémon hazte con todos;35.6619557;139.6984408
Tokio;Pokémon Center Skytree Town;;Compras;Centros pokémon hazte con todos;35.7103448;139.8126119
Tokio;Pokémon Center Tokyo Bay;;Compras;Centros pokémon hazte con todos;35.6866032;139.9890362
Tokio;Pokémon Store Narita Airport Shop;;Compras;Centros pokémon hazte con todos;35.7630474;140.3845772
Tokio;Pokémon Store Tokyo Station Shop;;Compras;Centros pokémon hazte con todos;35.6825031;139.7687128
Nagoya;Pokémon Center Nagoya;;Compras;Centros pokémon hazte con todos;35.1635585;136.9081238
Kioto;Pokemon Center Kyoto;;Compras;Centros pokémon hazte con todos;35.0034167;135.7583839
Osaka;Pokémon Center Osaka;;Compras;Centros pokémon hazte con todos;34.7018525;135.4965591
Osaka;Pokemon Center Osaka DX;;Compras;Centros pokémon hazte con todos;34.6731719;135.5007545
Hiroshima;Pokémon Center Hiroshima;;Compras;Centros pokémon hazte con todos;34.3976899;132.476111
Tokio;MONHAN SAKABA - HUNTERS BAR in Akihabara TOKYO;;Comida;Monster Hunter Bar;35.6978007;139.7703246
Osaka;HUNTERS BAR in Namba OSAKA;;Comida;Monster Hunter Bar;34.6685144;135.5040986
Osaka;Yakiniku Hanamichi;;Comida;Buffet libre Wagyu;34.6696723;135.5019261
Osaka;Airbnb Osaka;;Alojamiento;;34.6614722;135.5101389
Miyajima;iwaso;;Alojamiento;;34.2948667;132.3203386
Kioto;Airbnb kioto;;Alojamiento;;34.9778333;135.7663333
Nagoya;Airbnb Nagoya;;Alojamiento;;35.1767222;136.87075
Tokio;Airbnb tokio;;Alojamiento;;35.7341111;139.8497222
Kioto;Kyoto Sento Imperial Palace;;Visitas;Palacio imperial de Kioto. Cerrado los lunes. Necesario aplicar formulario.;35.0223443;135.7625594
Kioto;Kyoto Gyoen National Garden;;Visitas;Jardines del palacio imperial;35.0231034;135.7627611
Kioto;Kitano Tenmangu Shrine;;Templos;Primer torii de Japón;35.0311737;135.7351227
Kioto;Shōren-in Temple;;Templos;500 yenes, de 9:00 a 16:30;35.0073083;135.7831667
Kioto;Chion-in Temple;;Templos;9:00 - 15:50;35.0051988;135.7833827
Kioto;Shogunzuka Seiryuden;;Templos;9:00 - 16:30;34.9800291;135.785051
Kioto;Gion;;Visitas;Barrio de Geishas y Maikos;35.0044531;135.7788995
Kioto;Bishamondō Temple;;Templos;10:00 - 16:00. 800 yenes;35.0013626;135.81926
Kioto;Imakumano Kannon-ji Temple;;Templos;8:00 - 17:00;34.9822563;135.775141
Kioto;Raigo-in;;Templos;400 yenes. 9:00 - 17:00;34.9790366;135.7806247
Kioto;Sennyū-ji Temple;;Templos;500 yenes. 9:00 - 16:30;34.9780836;135.7813121
Kioto;Unryu-in;;Templos;400 yenes. 9:00 - 16:30. Miércoles cerrado;34.9484833;135.8226551
Kioto;Sanjusangen-do temple;;Templos;600 yenes. 8:30 - 16:30;35.0007297;135.773822
Kioto;Sannenzaka;;Compras;Calle comercial alrededor del Kiyomizudera;34.9966644;135.781008
Kioto;Starbucks Coffee - Kyoto Nineizaka Yasaka Chaya;;Comida;Starbucks en una casa tradicional;34.9983013;135.7808012
Kioto;Ninenzaka;;Compras;Calle comercial alrededor del Kiyomizudera;34.9981744;135.7808578
Kioto;Philosopher's Path;;Visitas;Paseo del fiósofo (tetsugaku no michi). Entre Ginkaku-ji y Eikan-do;35.0266194;135.795457
Kioto;Candi Eikandō;;Templos;600 yenes. 9:00 - 16:30;35.0148543;135.7941588
Kioto;Nanzen-ji Temple;;Templos;8:40 - 16:30;35.0114138;135.7944841
Kioto;Chion-in Temple;;Templos;9:00 - 16:00;35.0051988;135.7833827
Kioto;Maruyama Park;;Visitas;;35.0035587;135.7805269
Kioto;Jōjakkō-ji;;Templos;9:00 - 16:30. 500 yenes;35.0198102;135.6686405
Kioto;Nison-in Temple;;Templos;9:00 - 16:30. 500 yenes;35.0216591;135.6696366
Kioto;Giōji Temple;;Templos;9:00 - 16:30. 300 yenes;35.0234963;135.6668196
Kioto;Tenryū-ji Temple;;Templos;8:30 - 16:50. 500 yen;35.0158379;135.6737654
Nara;Tōdai-ji;;Templos;1000 yen;34.6889851;135.8398158
Nara;Nara Park;;Visitas;;34.685047;135.843012
Nara;Nigatsu-dō;;Templos;;34.6892747;135.8442433
Nara;Kasuga Taisha;;Templos;templo de los farolillos de bronce. 6:30 - 17:30;34.6815454;135.8484719